{"cameraMode":{"drawMode":0,"name":"Shaded","section":"Shading Mode"},"sceneLighting":true,"audioPlay":false,"sceneViewState":{"m_AlwaysRefresh":false,"showFog":true,"showSkybox":true,"showFlares":true,"showImageEffects":true,"showParticleSystems":true,"showVisualEffectGraphs":true,"m_FxEnabled":true},"in2DMode":false,"pivot":{"x":2.1051981449127199,"y":-0.34727799892425539,"z":-0.4223974943161011},"rotation":{"x":-0.11036994308233261,"y":-0.7263219356536865,"z":0.12005425989627838,"w":-0.6677313446998596},"size":5.101218223571777,"orthographic":false}